id,input_token,output_token,thought_token,execution_time_sec,model_name
188,35803,18270,0,79.71,gemini_2.5_flash
189,0,0,0,0,gemini_2.5_flash
190,59875,27299,0,264.09,gemini_2.5_flash
191,65572,26124,0,122.28,gemini_2.5_flash
192,5189,1438,0,11.81,gemini_2.5_flash
193,34343,11222,0,62.26,gemini_2.5_flash
194,11056,5155,0,27.98,gemini_2.5_flash
195,89492,20581,0,348.41,gemini_2.5_flash
196,76704,37417,0,260.7,gemini_2.5_flash
197,56317,23721,0,200.3,gemini_2.5_flash
198,0,0,0,0,gemini_2.5_flash
199,75838,65526,0,251.56,gemini_2.5_flash
200,32565,14247,0,119.32,gemini_2.5_flash
201,46890,65526,0,249.65,gemini_2.5_flash
202,78164,65526,0,354.08,gemini_2.5_flash
203,0,0,0,0,gemini_2.5_flash
204,0,0,0,0,gemini_2.5_flash
206,9285,1864,0,14.79,gemini_2.5_flash
207,29991,65526,0,241.53,gemini_2.5_flash
209,19036,4067,0,26.11,gemini_2.5_flash
210,18830,5466,0,30.83,gemini_2.5_flash
212,46764,65526,0,261.36,gemini_2.5_flash
213,55960,65524,0,255.73,gemini_2.5_flash
214,0,0,0,0,gemini_2.5_flash
215,32373,11619,0,55.87,gemini_2.5_flash
216,0,0,0,0,gemini_2.5_flash
217,42187,10686,0,55.79,gemini_2.5_flash
218,0,0,0,0,gemini_2.5_flash
219,46099,65526,0,469.85,gemini_2.5_flash
220,36155,65526,0,243.39,gemini_2.5_flash
221,62092,51174,0,437.69,gemini_2.5_flash
222,0,0,0,0,gemini_2.5_flash
223,78938,65526,0,496.53,gemini_2.5_flash
224,0,0,0,0,gemini_2.5_flash
226,28745,4767,0,33.5,gemini_2.5_flash
228,29902,11665,0,101.26,gemini_2.5_flash
229,55071,14949,0,331.51,gemini_2.5_flash
230,64829,19965,0,172.37,gemini_2.5_flash
231,34325,22458,0,97.8,gemini_2.5_flash
232,19150,3855,0,25.99,gemini_2.5_flash
233,50486,16199,0,116.84,gemini_2.5_flash
234,0,0,0,0,gemini_2.5_flash
237,32617,11841,0,62.59,gemini_2.5_flash
238,0,0,0,0,gemini_2.5_flash
239,68970,20186,0,100.19,gemini_2.5_flash
240,0,0,0,0,gemini_2.5_flash
241,0,0,0,0,gemini_2.5_flash
242,66782,65526,0,259.7,gemini_2.5_flash214,0,0,0,0,gemini_2.5_flash
239,68970,20800,0,130.11,gemini_2.5_flash
240,0,0,0,0,gemini_2.5_flash
241,0,0,0,0,gemini_2.5_flash
242,66782,65526,0,265.88,gemini_2.5_flash
214,0,0,0,0,gemini_2.5_flash
243,68227,65526,0,519.18,gemini_2.5_flash
244,85639,65526,0,521.99,gemini_2.5_flash
245,0,0,0,0,gemini_2.5_flash
246,40152,40083,0,152.64,gemini_2.5_flash
247,39868,65526,0,341.74,gemini_2.5_flash
249,57665,19474,0,171.23,gemini_2.5_flash
250,78806,36486,0,407.41,gemini_2.5_flash
251,37195,8613,0,86.72,gemini_2.5_flash
252,0,0,0,0,gemini_2.5_flash
253,52688,65526,0,483.12,gemini_2.5_flash
255,0,0,0,0,gemini_2.5_flash
256,0,0,0,0,gemini_2.5_flash
257,64836,65524,0,336.95,gemini_2.5_flash
258,71542,65525,0,264.65,gemini_2.5_flash
259,31478,65526,0,247.93,gemini_2.5_flash
260,37126,65445,0,267.85,gemini_2.5_flash
261,47805,26394,0,117.75,gemini_2.5_flash
262,0,0,0,0,gemini_2.5_flash
266,0,0,0,0,gemini_2.5_flash
267,78127,65526,0,510.34,gemini_2.5_flash
268,41386,17135,0,84.68,gemini_2.5_flash
269,55622,65526,0,475.22,gemini_2.5_flash
270,0,0,0,0,gemini_2.5_flash
271,56340,16142,0,145.89,gemini_2.5_flash
272,49728,65526,0,267.89,gemini_2.5_flash
274,86142,65526,0,521.43,gemini_2.5_flash
275,29427,7120,0,41.12,gemini_2.5_flash
276,5823,1907,0,13.60,gemini_2.5_flash
278,27495,8402,0,80.36,gemini_2.5_flash
279,74930,20051,0,192.53,gemini_2.5_flash
280,0,0,0,0,gemini_2.5_flash
282,0,0,0,0,gemini_2.5_flash
283,4979,1521,0,11.58,gemini_2.5_flash
284,0,0,0,0,gemini_2.5_flash
285,35160,11633,0,64.55,gemini_2.5_flash
286,51651,65526,0,257.47,gemini_2.5_flash
287,0,0,0,0,gemini_2.5_flash
288,0,0,0,0,gemini_2.5_flash
289,18846,4316,0,43.52,gemini_2.5_flash
291,15579,3287,0,21.98,gemini_2.5_flash
293,68567,65526,0,377.72,gemini_2.5_flash
294,0,0,0,0,gemini_2.5_flash
295,59134,17809,0,94.61,gemini_2.5_flash
297,64300,65525,0,262.29,gemini_2.5_flash
298,74833,23149,0,357.91,gemini_2.5_flash
299,64791,21709,0,113.03,gemini_2.5_flash
300,47025,16804,0,85.62,gemini_2.5_flash
301,60857,13452,0,82.52,gemini_2.5_flash
302,30978,27772,0,114.84,gemini_2.5_flash
304,35136,65526,0,258.37,gemini_2.5_flash
306,44867,19451,0,158.16,gemini_2.5_flash
307,38977,7074,0,49.06,gemini_2.5_flash
308,0,0,0,0,gemini_2.5_flash
309,66999,23346,0,204.94,gemini_2.5_flash
311,47740,65526,0,253.51,gemini_2.5_flash
312,0,0,0,0,gemini_2.5_flash
313,0,0,0,0,gemini_2.5_flash
315,0,0,0,0,gemini_2.5_flash
316,34837,12228,0,66.40,gemini_2.5_flash
317,14533,3878,0,21.58,gemini_2.5_flash
318,0,0,0,0,gemini_2.5_flash
320,0,0,0,0,gemini_2.5_flash
322,0,0,0,0,gemini_2.5_flash
323,16352,4762,0,26.67,gemini_2.5_flash
324,2966,216,0,6.33,gemini_2.5_flash
325,0,0,0,0,gemini_2.5_flash
326,0,0,0,0,gemini_2.5_flash
327,0,0,0,0,gemini_2.5_flash
328,45229,22520,0,172.71,gemini_2.5_flash
329,46393,16296,0,86.20,gemini_2.5_flash
330,0,0,0,0,gemini_2.5_flash
331,0,0,0,0,gemini_2.5_flash
333,0,0,0,0,gemini_2.5_flash
334,0,0,0,0,gemini_2.5_flash
335,0,0,0,0,gemini_2.5_flash
336,27927,65526,0,253.67,gemini_2.5_flash
337,73120,65526,0,271.56,gemini_2.5_flash
338,85103,26865,0,134.95,gemini_2.5_flash
339,54670,23541,0,111.60,gemini_2.5_flash
340,23247,8576,0,49.70,gemini_2.5_flash
341,52350,18643,0,154.43,gemini_2.5_flash
343,53255,65526,0,269.40,gemini_2.5_flash
344,0,0,0,0,gemini_2.5_flash
345,12776,65526,0,240.20,gemini_2.5_flash
346,28835,14028,0,60.91,gemini_2.5_flash
348,56844,16975,0,88.27,gemini_2.5_flash
349,39117,19827,0,93.60,gemini_2.5_flash
350,0,0,0,0,gemini_2.5_flash
351,69263,65526,0,505.44,gemini_2.5_flash
353,0,0,0,0,gemini_2.5_flash
354,45421,12244,0,68.32,gemini_2.5_flash
355,29073,60277,0,227.01,gemini_2.5_flash
356,0,0,0,0,gemini_2.5_flash
357,0,0,0,0,gemini_2.5_flash
358,80343,65526,0,376.19,gemini_2.5_flash
359,0,0,0,0,gemini_2.5_flash
360,67796,17139,0,160.42,gemini_2.5_flash
361,79445,17371,0,100.25,gemini_2.5_flash
363,20051,6546,0,40.49,gemini_2.5_flash
364,0,0,0,0,gemini_2.5_flash
365,22331,8079,0,44.63,gemini_2.5_flash
366,79944,19868,0,197.93,gemini_2.5_flash
368,0,0,0,0,gemini_2.5_flash
369,15620,932,0,17.65,gemini_2.5_flash
370,27028,65526,0,281.24,gemini_2.5_flash
371,25996,7204,0,41.17,gemini_2.5_flash
372,70396,27635,0,130.88,gemini_2.5_flash
373,0,0,0,0,gemini_2.5_flash
374,70033,65525,0,284.20,gemini_2.5_flash
375,0,0,0,0,gemini_2.5_flash
376,78669,43376,0,322.45,gemini_2.5_flash
377,57934,16554,0,90.64,gemini_2.5_flash
378,73985,65526,0,503.98,gemini_2.5_flash
379,0,0,0,0,gemini_2.5_flash
380,0,0,0,0,gemini_2.5_flash
382,5399,2738,0,16.47,gemini_2.5_flash
383,38119,65526,0,255.02,gemini_2.5_flash
384,27051,20807,0,88.76,gemini_2.5_flash
386,68743,65526,0,508.43,gemini_2.5_flash
390,0,0,0,0,gemini_2.5_flash
391,44102,17390,0,86.19,gemini_2.5_flash
392,36222,11663,0,103.34,gemini_2.5_flash
393,0,0,0,0,gemini_2.5_flash
394,0,0,0,0,gemini_2.5_flash
396,0,0,0,0,gemini_2.5_flash
397,51541,65526,0,262.90,gemini_2.5_flash
399,23310,65526,0,254.16,gemini_2.5_flash
400,51195,8153,0,51.60,gemini_2.5_flash
402,42059,65488,0,269.35,gemini_2.5_flash
403,0,0,0,0,gemini_2.5_flash
405,3875,1477,0,10.54,gemini_2.5_flash
406,71327,64209,0,497.04,gemini_2.5_flash
407,31647,65526,0,255.70,gemini_2.5_flash
413,13956,1598,0,16.96,gemini_2.5_flash
414,0,0,0,0,gemini_2.5_flash
415,0,0,0,0,gemini_2.5_flash
419,46920,34273,0,144.91,gemini_2.5_flash
431,0,0,0,0,gemini_2.5_flash
432,30406,9854,0,53.79,gemini_2.5_flash
433,0,0,0,0,gemini_2.5_flash
435,36143,13712,0,128.26,gemini_2.5_flash
459,33022,12364,0,108.35,gemini_2.5_flash
473,0,0,0,0,gemini_2.5_flash
474,49945,27686,0,237.98,gemini_2.5_flash
475,15766,12105,0,104.20,gemini_2.5_flash
476,17364,6304,0,60.63,gemini_2.5_flash
477,17017,4475,0,49.04,gemini_2.5_flash
478,16445,4490,0,28.45,gemini_2.5_flash
479,27947,9301,0,93.13,gemini_2.5_flash
480,18734,7531,0,75.01,gemini_2.5_flash
481,30961,8755,0,297.23,gemini_2.5_flash
483,16057,9005,0,56.95,gemini_2.5_flash
487,20721,8306,0,79.89,gemini_2.5_flash
488,15575,3174,0,35.43,gemini_2.5_flash
489,19044,8236,0,75.43,gemini_2.5_flash
492,15647,5420,0,57.62,gemini_2.5_flash
493,39715,65526,0,392.16,gemini_2.5_flash
494,28599,13378,0,66.45,gemini_2.5_flash
496,16297,5061,0,52.32,gemini_2.5_flash
497,15865,8213,0,44.68,gemini_2.5_flash
499,22471,65526,0,413.97,gemini_2.5_flash
500,20668,10352,0,49.12,gemini_2.5_flash
502,26138,10233,0,97.89,gemini_2.5_flash
504,19529,5251,0,53.26,gemini_2.5_flash
505,27260,15724,0,128.68,gemini_2.5_flash
506,0,0,0,0,gemini_2.5_flash
507,12174,3315,0,22.44,gemini_2.5_flash
508,17929,8536,0,64.22,gemini_2.5_flash
509,19121,7642,0,63.34,gemini_2.5_flash
510,31452,9906,0,91.83,gemini_2.5_flash
511,15482,5053,0,51.81,gemini_2.5_flash
513,23737,65526,0,515.77,gemini_2.5_flash
514,33330,65526,0,262.44,gemini_2.5_flash
515,15722,8835,0,73.30,gemini_2.5_flash
516,28901,8851,0,87.62,gemini_2.5_flash
517,15884,10357,0,48.74,gemini_2.5_flash
518,24231,7400,0,55.63,gemini_2.5_flash
519,15912,65526,0,274.51,gemini_2.5_flash
520,27484,8242,0,91.36,gemini_2.5_flash
521,48704,65526,0,592.60,gemini_2.5_flash
524,16127,7225,0,37.26,gemini_2.5_flash
525,16500,10420,0,290.40,gemini_2.5_flash
527,21573,6077,0,60.00,gemini_2.5_flash
529,57281,65526,0,511.39,gemini_2.5_flash
533,20612,8572,0,81.15,gemini_2.5_flash
534,32368,14765,0,138.44,gemini_2.5_flash
535,14815,65526,0,260.58,gemini_2.5_flash
536,15892,5086,0,51.27,gemini_2.5_flash
537,10106,3422,0,33.28,gemini_2.5_flash
539,20438,8196,0,44.18,gemini_2.5_flash
540,9760,2066,0,15.58,gemini_2.5_flash
541,13645,4763,0,46.13,gemini_2.5_flash
542,8678,3254,0,32.18,gemini_2.5_flash
543,9333,5422,0,27.92,gemini_2.5_flash
544,16698,5501,0,31.44,gemini_2.5_flash
546,8463,65526,0,236.85,gemini_2.5_flash
549,20964,22806,0,92.07,gemini_2.5_flash
551,6468,2406,0,15.21,gemini_2.5_flash
552,5667,4672,0,23.57,gemini_2.5_flash
553,2694,65526,0,274.64,gemini_2.5_flash
557,4985,2323,0,14.89,gemini_2.5_flash
558,9661,1797,0,15.00,gemini_2.5_flash
559,6208,1624,0,13.49,gemini_2.5_flash
561,30122,12697,0,63.70,gemini_2.5_flash
562,9175,3392,0,19.92,gemini_2.5_flash
567,4491,1619,0,13.14,gemini_2.5_flash
568,6687,3004,0,17.76,gemini_2.5_flash
571,13711,5862,0,32.97,gemini_2.5_flash
572,3302,1671,0,10.31,gemini_2.5_flash
573,7233,3740,0,20.44,gemini_2.5_flash
577,25929,10255,0,52.24,gemini_2.5_flash
580,6521,2173,0,24.29,gemini_2.5_flash
582,9234,2859,0,19.07,gemini_2.5_flash
583,5511,2313,0,14.15,gemini_2.5_flash
584,8006,2315,0,15.82,gemini_2.5_flash
585,7401,14964,0,65.71,gemini_2.5_flash
587,33718,65526,0,480.81,gemini_2.5_flash
588,12519,1832,0,15.87,gemini_2.5_flash
589,13574,8286,0,39.13,gemini_2.5_flash
590,5326,1728,0,10.96,gemini_2.5_flash
591,16830,6115,0,263.43,gemini_2.5_flash
592,9267,1579,0,14.30,gemini_2.5_flash
594,9425,4445,0,23.55,gemini_2.5_flash
595,11471,4653,0,25.19,gemini_2.5_flash
596,13907,5409,0,29.00,gemini_2.5_flash
598,5408,1680,0,11.89,gemini_2.5_flash
599,8263,65526,0,254.45,gemini_2.5_flash
601,11031,3889,0,23.22,gemini_2.5_flash
602,35658,10450,0,57.75,gemini_2.5_flash
604,24672,9998,0,92.28,gemini_2.5_flash
605,6753,2310,0,16.69,gemini_2.5_flash
606,5472,1704,0,12.94,gemini_2.5_flash
607,5028,3517,0,21.64,gemini_2.5_flash
610,11366,3630,0,22.91,gemini_2.5_flash
611,7445,3505,0,20.65,gemini_2.5_flash
612,6039,1454,0,12.91,gemini_2.5_flash
615,6524,2075,0,15.16,gemini_2.5_flash
616,18614,7030,0,39.12,gemini_2.5_flash
617,2945,1132,0,9.33,gemini_2.5_flash
618,6370,1910,0,13.98,gemini_2.5_flash
619,6488,65526,0,244.84,gemini_2.5_flash
620,3961,342,0,6.97,gemini_2.5_flash
623,4871,1382,0,9.21,gemini_2.5_flash
624,2210,662,0,5.88,gemini_2.5_flash
625,8800,3569,0,20.40,gemini_2.5_flash
626,25997,6983,0,40.92,gemini_2.5_flash
630,11805,4331,0,260.94,gemini_2.5_flash
631,22288,6882,0,43.56,gemini_2.5_flash
633,2938,1546,0,11.91,gemini_2.5_flash
634,16289,65526,0,251.31,gemini_2.5_flash
635,5831,3395,0,19.32,gemini_2.5_flash
637,5759,2585,0,14.65,gemini_2.5_flash
638,10275,65526,0,251.76,gemini_2.5_flash
644,15780,7590,0,38.81,gemini_2.5_flash
645,7763,3635,0,21.69,gemini_2.5_flash
646,15004,7718,0,38.44,gemini_2.5_flash
648,5771,3733,0,20.21,gemini_2.5_flash
649,3157,405,0,5.54,gemini_2.5_flash
650,23172,65526,0,266.76,gemini_2.5_flash
651,9224,4543,0,25.07,gemini_2.5_flash
652,4703,1686,0,12.43,gemini_2.5_flash
654,5634,48286,0,195.81,gemini_2.5_flash
655,11561,3652,0,19.80,gemini_2.5_flash
657,12005,7461,0,37.41,gemini_2.5_flash
658,17332,7470,0,40.57,gemini_2.5_flash
659,14093,3934,0,24.08,gemini_2.5_flash
660,2739,846,0,6.83,gemini_2.5_flash
661,5793,65526,0,251.39,gemini_2.5_flash
662,6818,65526,0,254.13,gemini_2.5_flash
665,10437,3617,0,22.50,gemini_2.5_flash
667,5613,2346,0,15.88,gemini_2.5_flash
668,9348,65526,0,248.47,gemini_2.5_flash
669,13256,65525,0,250.39,gemini_2.5_flash
670,10624,65526,0,247.40,gemini_2.5_flash
671,3179,1596,0,10.39,gemini_2.5_flash
675,9431,4566,0,24.39,gemini_2.5_flash
676,3604,537,0,5.73,gemini_2.5_flash
677,3986,1154,0,10.09,gemini_2.5_flash
678,5676,4199,0,22.00,gemini_2.5_flash
680,5897,1215,0,11.70,gemini_2.5_flash
681,4483,1560,0,11.62,gemini_2.5_flash
683,19033,6954,0,37.65,gemini_2.5_flash
686,4911,65526,0,247.79,gemini_2.5_flash
687,34637,65526,0,492.04,gemini_2.5_flash
688,9508,65526,0,242.92,gemini_2.5_flash
689,10371,14953,0,62.35,gemini_2.5_flash
690,6591,1081,0,10.44,gemini_2.5_flash
693,45554,13109,0,70.74,gemini_2.5_flash
694,7555,3144,0,17.87,gemini_2.5_flash
696,19729,65526,0,493.40,gemini_2.5_flash
698,6382,2321,0,14.98,gemini_2.5_flash
699,20629,20702,0,88.35,gemini_2.5_flash
703,3476,1237,0,8.63,gemini_2.5_flash
706,12791,10840,0,50.12,gemini_2.5_flash
709,2662,865,0,7.00,gemini_2.5_flash
710,8538,4391,0,24.68,gemini_2.5_flash
711,16560,65526,0,247.46,gemini_2.5_flash
714,3428,601,0,8.74,gemini_2.5_flash
715,5404,65526,0,249.59,gemini_2.5_flash
716,16666,3779,0,27.87,gemini_2.5_flash
717,7074,2177,0,15.00,gemini_2.5_flash
718,8019,65526,0,256.56,gemini_2.5_flash
720,7525,3273,0,34.31,gemini_2.5_flash
721,9012,1761,0,15.28,gemini_2.5_flash
723,18014,65526,0,256.92,gemini_2.5_flash
725,28462,8396,0,46.80,gemini_2.5_flash
730,22729,65526,0,255.17,gemini_2.5_flash
731,27530,65526,0,279.15,gemini_2.5_flash
733,6993,3253,0,32.50,gemini_2.5_flash
734,7280,2346,0,16.28,gemini_2.5_flash
736,7905,3641,0,20.16,gemini_2.5_flash
738,8029,65526,0,249.48,gemini_2.5_flash
739,9677,3178,0,20.77,gemini_2.5_flash
746,3028,848,0,7.15,gemini_2.5_flash
747,11420,2095,0,18.21,gemini_2.5_flash
752,39717,19350,0,89.40,gemini_2.5_flash
755,4619,871,0,10.73,gemini_2.5_flash
756,33661,22792,0,107.52,gemini_2.5_flash
757,10771,2749,0,17.39,gemini_2.5_flash
758,4873,996,0,10.66,gemini_2.5_flash
759,4644,1243,0,10.53,gemini_2.5_flash
760,22580,65526,0,487.16,gemini_2.5_flash
761,6893,2398,0,16.71,gemini_2.5_flash
765,4526,1493,0,11.26,gemini_2.5_flash
766,7716,1926,0,15.05,gemini_2.5_flash
768,4519,1364,0,11.36,gemini_2.5_flash
769,13037,7660,0,37.67,gemini_2.5_flash
771,8233,4508,0,23.80,gemini_2.5_flash
772,6081,1902,0,15.68,gemini_2.5_flash
773,3120,65526,0,244.80,gemini_2.5_flash
776,6111,1254,0,11.03,gemini_2.5_flash
777,14049,4467,0,27.18,gemini_2.5_flash
778,64233,19192,0,352.50,gemini_2.5_flash
780,30277,15964,0,75.70,gemini_2.5_flash
783,30617,14924,0,147.27,gemini_2.5_flash
785,19191,7114,0,67.06,gemini_2.5_flash
786,29958,16119,0,144.58,gemini_2.5_flash
787,59744,65523,0,518.04,gemini_2.5_flash
794,31143,10442,0,101.89,gemini_2.5_flash
795,34155,19396,0,93.51,gemini_2.5_flash
797,34275,12929,0,105.55,gemini_2.5_flash
800,33911,30452,0,379.53,gemini_2.5_flash
803,47333,18440,0,159.44,gemini_2.5_flash
805,21675,65525,0,261.10,gemini_2.5_flash
808,40239,65526,0,564.37,gemini_2.5_flash
810,40256,11217,0,106.64,gemini_2.5_flash
811,22147,11787,0,55.23,gemini_2.5_flash
812,21975,12455,0,57.87,gemini_2.5_flash
813,17660,13925,0,65.24,gemini_2.5_flash
815,29902,16720,0,139.13,gemini_2.5_flash
817,17754,6216,0,64.53,gemini_2.5_flash
818,29984,13112,0,312.47,gemini_2.5_flash
819,23144,65524,0,304.40,gemini_2.5_flash
820,29599,13534,0,122.20,gemini_2.5_flash
821,38596,22556,0,160.75,gemini_2.5_flash
823,33637,20132,0,181.90,gemini_2.5_flash
825,32841,27967,0,237.38,gemini_2.5_flash
828,52763,38265,0,293.63,gemini_2.5_flash
829,47797,31531,0,237.83,gemini_2.5_flash
833,25402,65526,0,289.83,gemini_2.5_flash
835,24439,12798,0,61.89,gemini_2.5_flash
664,15516,8899,0,46.43,gemini_2.5_flash
839,31154,14515,0,123.35,gemini_2.5_flash
842,37329,65526,0,264.85,gemini_2.5_flash
843,39988,18361,0,149.88,gemini_2.5_flash
844,29500,65526,0,321.88,gemini_2.5_flash
850,37252,20794,0,96.90,gemini_2.5_flash
852,32022,14732,0,136.26,gemini_2.5_flash
854,38467,26777,0,222.70,gemini_2.5_flash
856,29769,65526,0,494.49,gemini_2.5_flash
859,21318,7270,0,40.66,gemini_2.5_flash
866,48220,27323,0,221.85,gemini_2.5_flash
868,50259,23501,0,204.79,gemini_2.5_flash
871,38223,32244,0,133.27,gemini_2.5_flash
872,51174,24446,0,214.21,gemini_2.5_flash
877,27900,9465,0,50.60,gemini_2.5_flash
882,47094,65526,0,501.96,gemini_2.5_flash
885,54528,24172,0,112.56,gemini_2.5_flash
887,16053,7191,0,62.08,gemini_2.5_flash
888,30995,14017,0,123.25,gemini_2.5_flash
890,33841,21029,0,167.05,gemini_2.5_flash
891,41116,65526,0,253.87,gemini_2.5_flash
892,30979,13244,0,88.70,gemini_2.5_flash
894,21437,8369,0,82.67,gemini_2.5_flash
895,33124,17982,0,83.22,gemini_2.5_flash
896,25872,65526,0,297.85,gemini_2.5_flash
898,32678,18183,0,82.58,gemini_2.5_flash
899,24198,65526,0,262.28,gemini_2.5_flash
900,28155,65526,0,258.11,gemini_2.5_flash
901,38281,13391,0,69.79,gemini_2.5_flash
902,26262,14012,0,317.93,gemini_2.5_flash
904,27014,13395,0,63.78,gemini_2.5_flash
905,32164,17769,0,89.35,gemini_2.5_flash
909,20010,9496,0,68.27,gemini_2.5_flash
911,20661,7705,0,76.62,gemini_2.5_flash
913,15708,4714,0,28.38,gemini_2.5_flash
914,18037,7910,0,68.05,gemini_2.5_flash
915,35666,19653,0,169.76,gemini_2.5_flash
916,32402,9462,0,49.25,gemini_2.5_flash
917,57971,30298,0,234.29,gemini_2.5_flash
991,30152,14209,0,72.33,gemini_2.5_flash
1231,40249,5961,0,67.14,gemini_2.5_flash
1234,9483,1520,0,14.51,gemini_2.5_flash
1235,16594,2840,0,22.42,gemini_2.5_flash
1236,11711,1962,0,15.13,gemini_2.5_flash
1237,18620,3309,0,23.83,gemini_2.5_flash
1238,14273,3933,0,40.71,gemini_2.5_flash
1239,17532,5283,0,30.91,gemini_2.5_flash
1241,11074,1846,0,16.66,gemini_2.5_flash
1242,17226,2655,0,24.38,gemini_2.5_flash
1243,16734,3151,0,23.97,gemini_2.5_flash
1246,9723,1594,0,14.69,gemini_2.5_flash
1248,7641,1336,0,11.79,gemini_2.5_flash
1251,19065,5131,0,30.97,gemini_2.5_flash
1253,11403,3464,0,22.12,gemini_2.5_flash
1254,13491,4666,0,27.61,gemini_2.5_flash
1255,11946,2078,0,17.74,gemini_2.5_flash
1256,15096,3484,0,24.47,gemini_2.5_flash
1257,10172,2995,0,21.21,gemini_2.5_flash
1258,18401,3460,0,24.88,gemini_2.5_flash
1259,9136,2257,0,17.34,gemini_2.5_flash
1261,13386,2333,0,18.69,gemini_2.5_flash
1262,12950,2217,0,18.13,gemini_2.5_flash
1263,11873,3487,0,25.37,gemini_2.5_flash
1264,10694,2848,0,19.63,gemini_2.5_flash
1265,12285,3324,0,21.28,gemini_2.5_flash
1266,22841,3975,0,29.60,gemini_2.5_flash
1267,11505,2865,0,19.54,gemini_2.5_flash
1269,11269,1820,0,14.64,gemini_2.5_flash
1272,17167,5361,0,34.82,gemini_2.5_flash
1273,13473,5041,0,48.33,gemini_2.5_flash
1277,11689,3575,0,21.22,gemini_2.5_flash
1280,15196,2419,0,21.11,gemini_2.5_flash
1282,8491,1518,0,15.62,gemini_2.5_flash
1283,10205,3114,0,18.66,gemini_2.5_flash
1285,14643,2263,0,18.44,gemini_2.5_flash
1286,11280,2959,0,21.15,gemini_2.5_flash
1290,9111,2529,0,20.16,gemini_2.5_flash
1291,8353,1327,0,12.10,gemini_2.5_flash
1292,6032,1772,0,12.18,gemini_2.5_flash
1294,10678,1851,0,17.08,gemini_2.5_flash
1295,11460,3892,0,24.12,gemini_2.5_flash
1296,9728,1564,0,12.93,gemini_2.5_flash
1298,9632,2580,0,17.98,gemini_2.5_flash
1299,9494,1644,0,15.11,gemini_2.5_flash
1300,9479,2954,0,18.75,gemini_2.5_flash
1301,10245,1590,0,11.39,gemini_2.5_flash
1303,9426,1688,0,16.08,gemini_2.5_flash
1304,9021,2424,0,18.13,gemini_2.5_flash
1305,13661,4090,0,24.88,gemini_2.5_flash
1306,19128,6756,0,35.75,gemini_2.5_flash
1307,8798,1391,0,12.95,gemini_2.5_flash
1308,18986,5508,0,33.34,gemini_2.5_flash
1309,13270,4026,0,25.66,gemini_2.5_flash
1310,10481,3168,0,20.55,gemini_2.5_flash
1311,9246,1495,0,13.48,gemini_2.5_flash
1312,11319,3652,0,22.98,gemini_2.5_flash
1314,13814,4268,0,27.36,gemini_2.5_flash
1315,15037,2298,0,19.32,gemini_2.5_flash
1316,11358,1728,0,15.34,gemini_2.5_flash
1317,18946,5922,0,32.04,gemini_2.5_flash
1318,20590,8015,0,44.22,gemini_2.5_flash
1319,14257,5478,0,31.12,gemini_2.5_flash
1320,9178,2359,0,17.01,gemini_2.5_flash
1323,8709,1374,0,13.78,gemini_2.5_flash
1324,11711,3292,0,22.95,gemini_2.5_flash
1327,18389,3366,0,25.74,gemini_2.5_flash
1328,10092,1714,0,16.02,gemini_2.5_flash
1330,13510,3604,0,23.18,gemini_2.5_flash
1332,14853,13617,0,63.78,gemini_2.5_flash
1333,11074,2827,0,21.24,gemini_2.5_flash
1335,13445,3808,0,24.70,gemini_2.5_flash
1336,8673,2700,0,18.03,gemini_2.5_flash
1337,11677,3526,0,21.66,gemini_2.5_flash
1338,15024,3883,0,24.80,gemini_2.5_flash
1340,18856,6911,0,37.24,gemini_2.5_flash
1342,7352,1117,0,12.22,gemini_2.5_flash
1343,9331,3181,0,19.67,gemini_2.5_flash
1344,11039,2980,0,20.24,gemini_2.5_flash
1345,10046,1572,0,15.73,gemini_2.5_flash
1346,8521,2351,0,16.96,gemini_2.5_flash
1347,18951,3952,0,25.19,gemini_2.5_flash
1348,12184,2091,0,31.17,gemini_2.5_flash
1350,6551,2017,0,13.54,gemini_2.5_flash
1351,11638,3837,0,22.34,gemini_2.5_flash
1352,8613,2238,0,16.51,gemini_2.5_flash
1353,7925,2389,0,15.63,gemini_2.5_flash
1354,7955,3310,0,20.61,gemini_2.5_flash
1356,9024,1487,0,13.06,gemini_2.5_flash
1358,20555,5063,0,32.72,gemini_2.5_flash
1363,18987,7838,0,63.73,gemini_2.5_flash
1364,8478,1397,0,13.20,gemini_2.5_flash
1365,12455,2694,0,20.02,gemini_2.5_flash
1366,8514,2627,0,16.95,gemini_2.5_flash
1367,13768,2343,0,30.32,gemini_2.5_flash
1368,11282,3229,0,21.01,gemini_2.5_flash
1371,17949,2442,0,17.54,gemini_2.5_flash
1372,11715,3449,0,21.06,gemini_2.5_flash
1378,9635,2723,0,17.95,gemini_2.5_flash
1379,8421,1568,0,13.20,gemini_2.5_flash
1380,12939,24164,0,105.01,gemini_2.5_flash
1382,10278,2701,0,19.22,gemini_2.5_flash
1383,12120,2118,0,17.25,gemini_2.5_flash
1388,11136,2942,0,19.40,gemini_2.5_flash
1389,9608,1557,0,14.55,gemini_2.5_flash
1391,9331,2556,0,17.93,gemini_2.5_flash
1393,10637,3196,0,21.47,gemini_2.5_flash
1394,9963,2623,0,19.41,gemini_2.5_flash
1396,7568,2286,0,16.00,gemini_2.5_flash
1397,8103,1404,0,14.42,gemini_2.5_flash
1398,7433,1190,0,13.01,gemini_2.5_flash
1399,11949,3989,0,26.21,gemini_2.5_flash
1400,7197,2150,0,15.15,gemini_2.5_flash
1402,11437,3725,0,23.23,gemini_2.5_flash
1403,15397,2487,0,20.69,gemini_2.5_flash
1404,18147,3721,0,27.38,gemini_2.5_flash
1408,34190,4176,0,51.41,gemini_2.5_flash
1410,6823,1221,0,11.05,gemini_2.5_flash
1411,7111,2347,0,16.14,gemini_2.5_flash
1413,9743,3110,0,20.93,gemini_2.5_flash
1414,11304,3813,0,22.21,gemini_2.5_flash
1415,9172,1487,0,13.45,gemini_2.5_flash
1416,6759,1885,0,13.76,gemini_2.5_flash
1418,6585,2126,0,15.57,gemini_2.5_flash
1419,8673,2572,0,17.44,gemini_2.5_flash
1421,5695,844,0,8.95,gemini_2.5_flash
1423,41858,18679,0,94.47,gemini_2.5_flash
1424,46697,21571,0,196.61,gemini_2.5_flash
1230,13016,3557,0,24.73,gemini_2.5_flash
1252,9614,2682,0,18.37,gemini_2.5_flash
1426,43712,16657,0,411.88,gemini_2.5_flash
1427,25668,48393,0,507.59,gemini_2.5_flash
1431,15775,6074,0,62.56,gemini_2.5_flash
1432,31705,8206,0,85.35,gemini_2.5_flash
1436,64472,19279,0,191.58,gemini_2.5_flash
1438,38083,15032,0,141.32,gemini_2.5_flash
1440,26150,65526,0,334.19,gemini_2.5_flash
1444,41064,10584,0,111.98,gemini_2.5_flash
1446,27639,65526,0,503.23,gemini_2.5_flash
1447,57364,21140,0,218.09,gemini_2.5_flash
1448,54517,65524,0,340.53,gemini_2.5_flash
1449,39536,15579,0,139.21,gemini_2.5_flash
1451,18795,5373,0,278.02,gemini_2.5_flash
1452,27374,10086,0,54.00,gemini_2.5_flash
1453,16767,7718,0,70.32,gemini_2.5_flash
1454,50781,23132,0,204.46,gemini_2.5_flash
1456,27001,65526,0,257.97,gemini_2.5_flash
1458,23269,6621,0,65.39,gemini_2.5_flash
1460,16843,10545,0,83.80,gemini_2.5_flash
1462,25443,10146,0,303.79,gemini_2.5_flash
1464,27710,12499,0,113.13,gemini_2.5_flash
1465,21441,8027,0,72.43,gemini_2.5_flash
1466,25268,8215,0,46.52,gemini_2.5_flash
1468,15636,6337,0,277.91,gemini_2.5_flash
1497,31559,65526,0,454.51,gemini_2.5_flash
1501,33828,65526,0,267.67,gemini_2.5_flash
1502,27065,6403,0,65.93,gemini_2.5_flash
1503,31115,14880,0,336.35,gemini_2.5_flash
1504,44626,18642,0,170.70,gemini_2.5_flash
1505,19659,5126,0,102.34,gemini_2.5_flash
1506,26852,12654,0,65.55,gemini_2.5_flash
1507,25662,8893,0,89.41,gemini_2.5_flash
1508,37186,13532,0,125.85,gemini_2.5_flash
1510,30563,65526,0,284.51,gemini_2.5_flash
1511,29873,10023,0,90.85,gemini_2.5_flash
1512,34055,65526,0,767.84,gemini_2.5_flash
1496,18404,6992,0,69.63,gemini_2.5_flash
1513,29361,29719,0,410.66,gemini_2.5_flash
1514,18415,65526,0,548.61,gemini_2.5_flash
1517,53396,22202,0,180.03,gemini_2.5_flash
1527,47551,15966,0,139.89,gemini_2.5_flash
1537,38722,11905,0,122.49,gemini_2.5_flash
1538,48706,13506,0,140.07,gemini_2.5_flash
1539,23605,8108,0,44.04,gemini_2.5_flash
1544,54750,15946,0,381.09,gemini_2.5_flash
1546,39404,15407,0,130.63,gemini_2.5_flash
1549,44630,11579,0,176.13,gemini_2.5_flash
1550,44615,65526,0,338.03,gemini_2.5_flash
1551,27722,8998,0,85.95,gemini_2.5_flash
1552,37478,11182,0,66.39,gemini_2.5_flash
1553,52076,65526,0,801.45,gemini_2.5_flash
1555,66370,25854,0,397.94,gemini_2.5_flash
1556,44242,13194,0,138.54,gemini_2.5_flash
1557,25818,6474,0,300.34,gemini_2.5_flash
1558,68977,65526,0,558.36,gemini_2.5_flash
1559,37518,65526,0,480.48,gemini_2.5_flash
1560,45144,65526,0,272.94,gemini_2.5_flash
1562,33307,14515,0,337.09,gemini_2.5_flash
1563,61655,16738,0,156.26,gemini_2.5_flash
1564,23874,8570,0,82.98,gemini_2.5_flash
1565,35417,9832,0,107.18,gemini_2.5_flash
1568,68621,22620,0,379.49,gemini_2.5_flash
1569,35147,11690,0,120.86,gemini_2.5_flash
1570,78022,65526,0,528.51,gemini_2.5_flash
1571,27753,65526,0,263.63,gemini_2.5_flash
1572,31242,18576,0,140.36,gemini_2.5_flash
1573,34378,12049,0,107.35,gemini_2.5_flash
1574,23151,65526,0,253.01,gemini_2.5_flash
1575,31549,38679,0,330.21,gemini_2.5_flash
1576,20638,7333,0,40.08,gemini_2.5_flash
1577,37341,7348,0,44.16,gemini_2.5_flash
1578,27466,65526,0,323.24,gemini_2.5_flash
1579,39166,65526,0,264.64,gemini_2.5_flash
1580,61694,65525,0,541.81,gemini_2.5_flash
1581,30004,6791,0,80.65,gemini_2.5_flash
1582,57284,17731,0,182.85,gemini_2.5_flash
1584,23929,65526,0,248.33,gemini_2.5_flash
1586,15693,5007,0,29.37,gemini_2.5_flash
1587,29598,29087,0,121.72,gemini_2.5_flash
1591,31063,65526,0,524.98,gemini_2.5_flash
1592,16272,65526,0,252.02,gemini_2.5_flash
1594,19584,7096,0,38.32,gemini_2.5_flash
1596,47179,65526,0,498.10,gemini_2.5_flash
1598,25706,65526,0,258.75,gemini_2.5_flash
1599,21496,8003,0,75.16,gemini_2.5_flash
1600,19665,7197,0,68.75,gemini_2.5_flash
1601,22903,8739,0,47.03,gemini_2.5_flash
1602,22023,9466,0,46.27,gemini_2.5_flash
1604,28969,11779,0,308.90,gemini_2.5_flash
1605,38246,13743,0,70.15,gemini_2.5_flash
1607,26016,65519,0,262.88,gemini_2.5_flash
1608,29075,7823,0,50.05,gemini_2.5_flash
1611,25905,11007,0,55.14,gemini_2.5_flash
1612,19769,5473,0,30.75,gemini_2.5_flash
1613,41452,13983,0,115.21,gemini_2.5_flash
1615,85415,24961,0,345.26,gemini_2.5_flash
1616,40147,10641,0,112.05,gemini_2.5_flash
1617,31699,11363,0,162.93,gemini_2.5_flash
1618,18728,4689,0,44.57,gemini_2.5_flash
1622,15734,7725,0,42.02,gemini_2.5_flash
1623,21411,8001,0,42.61,gemini_2.5_flash
1624,15901,65524,0,258.70,gemini_2.5_flash
1625,30265,9446,0,87.82,gemini_2.5_flash
1626,16102,7174,0,39.86,gemini_2.5_flash
1629,46386,17777,0,342.66,gemini_2.5_flash
1630,15891,3533,0,39.20,gemini_2.5_flash
1631,31012,11439,0,88.76,gemini_2.5_flash
1632,22363,65526,0,255.16,gemini_2.5_flash
1633,32129,11509,0,103.24,gemini_2.5_flash
1634,23216,65526,0,516.72,gemini_2.5_flash
1635,18773,65526,0,269.60,gemini_2.5_flash
1636,21505,7147,0,67.52,gemini_2.5_flash
1637,46521,65526,0,279.48,gemini_2.5_flash
1638,9046,2758,0,32.41,gemini_2.5_flash
1641,0,0,0,0,gemini_2.5_flash
1642,85830,65526,0,404.46,gemini_2.5_flash
1644,0,0,0,0,gemini_2.5_flash
1646,51036,65526,0,280.87,gemini_2.5_flash
1647,0,0,0,0,gemini_2.5_flash
1649,59396,65526,0,567.81,gemini_2.5_flash
1650,76263,30724,0,132.71,gemini_2.5_flash
1652,68464,65525,0,265.36,gemini_2.5_flash
1653,48323,19353,0,155.22,gemini_2.5_flash
1778,0,0,0,0,gemini_2.5_flash
1780,0,0,0,0,gemini_2.5_flash
1654,53711,15918,0,153.83,gemini_2.5_flash
1656,79931,28287,0,483.63,gemini_2.5_flash
1661,44652,13264,0,79.99,gemini_2.5_flash
1662,57963,16053,0,151.93,gemini_2.5_flash
1665,32435,9874,0,57.91,gemini_2.5_flash
1667,35658,14582,0,74.06,gemini_2.5_flash
1668,44541,65526,0,347.41,gemini_2.5_flash
1669,48514,16541,0,88.57,gemini_2.5_flash
1671,37259,13794,0,73.51,gemini_2.5_flash
1674,71265,65526,0,526.79,gemini_2.5_flash
1675,51428,16186,0,89.66,gemini_2.5_flash
1677,49628,16117,0,88.20,gemini_2.5_flash
1679,74703,26664,0,388.48,gemini_2.5_flash
1680,49090,15070,0,144.04,gemini_2.5_flash
1682,43688,65526,0,271.60,gemini_2.5_flash
1673,64794,18166,0,366.01,gemini_2.5_flash
1683,57357,65526,0,566.88,gemini_2.5_flash
1684,32052,10016,0,52.23,gemini_2.5_flash
1686,70426,24786,0,358.47,gemini_2.5_flash
1690,54013,16770,0,323.70,gemini_2.5_flash
1708,53645,15407,0,81.82,gemini_2.5_flash
1709,68784,21511,0,204.67,gemini_2.5_flash
1711,61925,18299,0,174.65,gemini_2.5_flash
1712,62473,15660,0,226.35,gemini_2.5_flash
1713,74092,21497,0,248.42,gemini_2.5_flash
1714,82652,65526,0,397.56,gemini_2.5_flash
1715,45506,11708,0,123.59,gemini_2.5_flash
1716,59896,65526,0,503.09,gemini_2.5_flash
1735,74302,32870,0,238.95,gemini_2.5_flash
1736,59282,19523,0,180.03,gemini_2.5_flash
1738,53765,20402,0,100.19,gemini_2.5_flash
1744,13175,3041,0,21.10,gemini_2.5_flash
1745,60413,16083,0,150.55,gemini_2.5_flash
1761,42123,16598,0,87.88,gemini_2.5_flash
1763,75335,17280,0,96.19,gemini_2.5_flash
1764,53368,19013,0,174.21,gemini_2.5_flash
1765,45537,10519,0,102.90,gemini_2.5_flash
1766,69013,65526,0,499.64,gemini_2.5_flash
1767,38670,65525,0,244.53,gemini_2.5_flash
1768,54937,65526,0,308.71,gemini_2.5_flash
1769,38754,12918,0,111.89,gemini_2.5_flash
1773,60346,16808,0,155.78,gemini_2.5_flash
1774,57939,16517,0,143.15,gemini_2.5_flash
1775,2893,499,0,5.78,gemini_2.5_flash
1777,2386,532,0,5.94,gemini_2.5_flash
1781,51410,13828,0,128.82,gemini_2.5_flash
1783,64527,23767,0,335.56,gemini_2.5_flash
1784,44340,14133,0,68.68,gemini_2.5_flash
1789,37718,14752,0,74.40,gemini_2.5_flash
1790,59441,65526,0,506.94,gemini_2.5_flash
1791,65359,20795,0,184.78,gemini_2.5_flash
1795,54994,18532,0,88.58,gemini_2.5_flash
1796,44866,65526,0,514.82,gemini_2.5_flash
1797,36293,11075,0,56.34,gemini_2.5_flash
1798,27629,6935,0,61.56,gemini_2.5_flash
1799,45458,12810,0,71.00,gemini_2.5_flash
1800,46249,13314,0,123.22,gemini_2.5_flash
1801,47150,16460,0,149.01,gemini_2.5_flash
1802,44133,13682,0,123.42,gemini_2.5_flash
1803,37174,11997,0,103.69,gemini_2.5_flash
1804,49996,65526,0,265.80,gemini_2.5_flash
1805,43582,15885,0,123.57,gemini_2.5_flash
1806,29415,65525,0,237.50,gemini_2.5_flash
1807,46934,12347,0,72.97,gemini_2.5_flash
1808,35384,11833,0,60.09,gemini_2.5_flash
1809,60910,20616,0,191.56,gemini_2.5_flash
1810,56765,18594,0,173.71,gemini_2.5_flash
1811,34589,11671,0,56.93,gemini_2.5_flash
1813,30449,8880,0,48.64,gemini_2.5_flash
1814,36197,9265,0,51.44,gemini_2.5_flash
1816,41658,8661,0,49.52,gemini_2.5_flash
1817,41433,65526,0,252.42,gemini_2.5_flash
1818,33898,10070,0,54.02,gemini_2.5_flash
1819,32159,11673,0,103.52,gemini_2.5_flash
1820,60254,22065,0,201.08,gemini_2.5_flash
1823,52817,14844,0,137.83,gemini_2.5_flash
1824,47940,65526,0,280.64,gemini_2.5_flash
1826,44619,65526,0,290.39,gemini_2.5_flash
1827,54699,17951,0,92.09,gemini_2.5_flash
1828,40512,19573,0,99.35,gemini_2.5_flash
1829,66657,65526,0,519.51,gemini_2.5_flash
1832,43958,65526,0,262.17,gemini_2.5_flash
1833,60089,10826,0,130.34,gemini_2.5_flash
1834,44328,11800,0,71.68,gemini_2.5_flash
1835,58210,23982,0,112.13,gemini_2.5_flash
1840,45499,9470,0,54.53,gemini_2.5_flash
1841,51688,15083,0,128.61,gemini_2.5_flash
1842,54293,25087,0,153.21,gemini_2.5_flash
1843,40661,8292,0,49.45,gemini_2.5_flash
1844,80626,65526,0,278.03,gemini_2.5_flash
1845,42524,10152,0,292.24,gemini_2.5_flash
1846,37673,5618,0,41.68,gemini_2.5_flash
1847,50657,12666,0,114.87,gemini_2.5_flash
1848,41156,4192,0,36.49,gemini_2.5_flash
1851,12435,1441,0,15.31,gemini_2.5_flash
1852,20628,6909,0,67.17,gemini_2.5_flash
1854,23541,8675,0,43.96,gemini_2.5_flash
1855,8602,2874,0,19.69,gemini_2.5_flash
1856,20408,5299,0,30.84,gemini_2.5_flash
1858,12038,4733,0,26.77,gemini_2.5_flash
1859,37213,13468,0,66.51,gemini_2.5_flash
1860,24374,5175,0,31.91,gemini_2.5_flash
1861,43311,10388,0,103.52,gemini_2.5_flash
1862,16636,5804,0,31.44,gemini_2.5_flash
1863,29514,9263,0,47.55,gemini_2.5_flash
1864,24248,6117,0,37.18,gemini_2.5_flash
1865,25417,6993,0,39.49,gemini_2.5_flash
1867,29412,10130,0,52.72,gemini_2.5_flash
1868,7276,1638,0,13.52,gemini_2.5_flash
1869,0,0,0,0,gemini_2.5_flash
1871,25532,13497,0,63.05,gemini_2.5_flash
1872,44907,13177,0,124.47,gemini_2.5_flash
1873,57547,65526,0,502.10,gemini_2.5_flash
1875,25757,7908,0,73.86,gemini_2.5_flash
1876,0,0,0,0,gemini_2.5_flash
1878,7037,2141,0,15.28,gemini_2.5_flash
1879,11940,4155,0,27.05,gemini_2.5_flash
1880,14857,4263,0,26.79,gemini_2.5_flash
1882,0,0,0,0,gemini_2.5_flash
1883,32586,12174,0,110.22,gemini_2.5_flash
1839,47699,14315,0,76.72,gemini_2.5_flash
1884,49665,15302,0,132.35,gemini_2.5_flash
1885,35741,65526,0,491.11,gemini_2.5_flash
1886,41925,22416,0,179.71,gemini_2.5_flash
1887,40149,9508,0,94.41,gemini_2.5_flash
1888,38999,65526,0,428.37,gemini_2.5_flash
1891,37583,65526,0,277.15,gemini_2.5_flash
1893,43133,13163,0,115.02,gemini_2.5_flash
1896,40853,65526,0,248.55,gemini_2.5_flash
1898,37156,9102,0,87.27,gemini_2.5_flash
1899,38853,65526,0,254.47,gemini_2.5_flash
1900,37249,65526,0,280.78,gemini_2.5_flash
1901,33811,13155,0,295.37,gemini_2.5_flash
1903,45304,15841,0,315.43,gemini_2.5_flash
1904,58907,10615,0,303.90,gemini_2.5_flash
1905,39294,65526,0,488.70,gemini_2.5_flash
1906,38930,65526,0,482.58,gemini_2.5_flash
1907,53311,21664,0,323.03,gemini_2.5_flash
1908,31079,7839,0,78.14,gemini_2.5_flash
1909,49573,14529,0,159.45,gemini_2.5_flash
1911,45248,16839,0,82.80,gemini_2.5_flash
1913,39925,21119,0,130.06,gemini_2.5_flash
1914,42190,21826,0,98.85,gemini_2.5_flash
1916,44099,20229,0,129.27,gemini_2.5_flash
1917,45876,7408,0,86.05,gemini_2.5_flash
1919,52894,12305,0,123.85,gemini_2.5_flash
1920,49929,23173,0,340.17,gemini_2.5_flash
1923,46743,12975,0,118.17,gemini_2.5_flash
1924,40646,14923,0,312.22,gemini_2.5_flash
1925,59288,19081,0,167.60,gemini_2.5_flash
1928,41050,23486,0,176.78,gemini_2.5_flash
1929,31140,13205,0,119.38,gemini_2.5_flash
1930,43215,16899,0,145.51,gemini_2.5_flash
1931,52010,17388,0,138.10,gemini_2.5_flash
1918,47830,17080,0,148.57,gemini_2.5_flash
1934,43696,15514,0,77.30,gemini_2.5_flash
1936,55111,19517,0,342.52,gemini_2.5_flash
1937,61812,65525,0,479.80,gemini_2.5_flash
1938,48640,17455,0,140.77,gemini_2.5_flash
1939,62827,19954,0,182.55,gemini_2.5_flash
1943,57620,65526,0,324.32,gemini_2.5_flash
1944,46419,13903,0,112.20,gemini_2.5_flash
1945,42867,19115,0,135.52,gemini_2.5_flash
1946,39147,20513,0,167.34,gemini_2.5_flash
1948,70314,19263,0,161.58,gemini_2.5_flash
1951,53224,65526,0,586.68,gemini_2.5_flash
1952,38882,9840,0,90.84,gemini_2.5_flash
1954,43670,14791,0,67.29,gemini_2.5_flash
1955,53966,21153,0,93.19,gemini_2.5_flash
1956,59069,21238,0,194.36,gemini_2.5_flash
1957,41325,65526,0,259.57,gemini_2.5_flash
1958,31640,65526,0,396.77,gemini_2.5_flash
1959,39237,12725,0,59.45,gemini_2.5_flash
1960,35148,65526,0,251.29,gemini_2.5_flash
1962,0,0,0,0,gemini_2.5_flash
1963,41004,15950,0,71.23,gemini_2.5_flash
1964,42906,18213,0,150.15,gemini_2.5_flash
1965,38780,65526,0,249.86,gemini_2.5_flash
1966,43772,65525,0,483.32,gemini_2.5_flash
1967,45949,15005,0,69.93,gemini_2.5_flash
1968,47852,65526,0,321.41,gemini_2.5_flash
1969,40073,15431,0,118.69,gemini_2.5_flash
1970,48575,10440,0,104.81,gemini_2.5_flash
1972,37911,13413,0,119.05,gemini_2.5_flash
1973,28505,18921,0,82.34,gemini_2.5_flash
1975,39788,27276,0,119.63,gemini_2.5_flash
1976,48254,65526,0,497.45,gemini_2.5_flash
1977,54023,24622,0,355.64,gemini_2.5_flash
1978,44029,65526,0,252.34,gemini_2.5_flash
1979,44290,65526,0,375.37,gemini_2.5_flash
1981,61094,20662,0,173.27,gemini_2.5_flash
1982,39509,17244,0,328.90,gemini_2.5_flash
1983,38228,8819,0,368.61,gemini_2.5_flash
1985,45306,65526,0,502.62,gemini_2.5_flash
1986,39613,13138,0,110.87,gemini_2.5_flash
1987,43207,13501,0,66.13,gemini_2.5_flash
1988,38758,18024,0,79.60,gemini_2.5_flash
1989,46960,21056,0,118.31,gemini_2.5_flash
1991,45273,17831,0,85.65,gemini_2.5_flash
1993,58202,65526,0,537.22,gemini_2.5_flash
1994,44220,65526,0,269.31,gemini_2.5_flash
1997,54797,23796,0,358.57,gemini_2.5_flash
1998,48156,65526,0,257.73,gemini_2.5_flash
2000,18469,65526,0,489.81,gemini_2.5_flash
2001,45110,17417,0,159.48,gemini_2.5_flash
2004,41065,42112,0,251.58,gemini_2.5_flash
2005,60107,65526,0,382.65,gemini_2.5_flash
2006,43909,13994,0,324.30,gemini_2.5_flash
2007,39641,12449,0,62.79,gemini_2.5_flash
2008,44771,12971,0,66.37,gemini_2.5_flash
2009,27398,9414,0,49.72,gemini_2.5_flash
2010,43842,12326,0,64.89,gemini_2.5_flash
2011,36630,65526,0,269.08,gemini_2.5_flash
2012,48730,65526,0,287.77,gemini_2.5_flash
2013,45468,16089,0,171.08,gemini_2.5_flash
2014,42006,11251,0,59.90,gemini_2.5_flash
2016,45502,65526,0,274.92,gemini_2.5_flash
2017,45455,65526,0,272.51,gemini_2.5_flash
2002,65777,21099,0,177.95,gemini_2.5_flash
2019,39742,16139,0,80.76,gemini_2.5_flash
2020,50261,14033,0,68.35,gemini_2.5_flash
2021,48818,65526,0,263.54,gemini_2.5_flash
2022,41281,33406,0,142.47,gemini_2.5_flash
2023,54496,18565,0,84.32,gemini_2.5_flash
2024,45191,60873,0,251.93,gemini_2.5_flash
2025,39744,14467,0,71.87,gemini_2.5_flash
2026,38414,10799,0,98.93,gemini_2.5_flash
2027,50122,65526,0,514.33,gemini_2.5_flash
2028,32649,10872,0,51.46,gemini_2.5_flash
2029,52423,65526,0,361.51,gemini_2.5_flash
2030,49752,65526,0,502.94,gemini_2.5_flash
2031,37902,12001,0,74.88,gemini_2.5_flash
2032,44637,17957,0,84.05,gemini_2.5_flash
2033,52129,19947,0,102.67,gemini_2.5_flash
2036,26540,10454,0,53.38,gemini_2.5_flash
2037,49557,17760,0,81.14,gemini_2.5_flash
2038,48958,65526,0,534.72,gemini_2.5_flash
2041,56146,65526,0,367.61,gemini_2.5_flash
2043,43445,16043,0,200.13,gemini_2.5_flash
2044,39067,10156,0,97.57,gemini_2.5_flash
2046,50372,20288,0,174.43,gemini_2.5_flash
2047,42724,65526,0,528.42,gemini_2.5_flash
2048,24651,65526,0,294.69,gemini_2.5_flash
2049,39123,11023,0,93.60,gemini_2.5_flash
2050,52280,21300,0,353.83,gemini_2.5_flash
2051,26370,7197,0,63.63,gemini_2.5_flash
2052,50390,17046,0,80.94,gemini_2.5_flash
2053,52200,65526,0,483.95,gemini_2.5_flash
2054,54306,22308,0,179.92,gemini_2.5_flash
2055,0,0,0,0,gemini_2.5_flash
2057,48379,24544,0,197.93,gemini_2.5_flash
2059,34144,19823,0,87.85,gemini_2.5_flash
2060,0,0,0,0,gemini_2.5_flash
2061,33733,9385,0,84.53,gemini_2.5_flash
2062,44967,14414,0,125.27,gemini_2.5_flash
2063,35713,65526,0,497.80,gemini_2.5_flash
2064,36433,65526,0,500.80,gemini_2.5_flash
2065,31082,10291,0,93.68,gemini_2.5_flash
2066,39714,15348,0,126.27,gemini_2.5_flash
2067,0,0,0,0,gemini_2.5_flash
2068,27274,8924,0,43.51,gemini_2.5_flash
2069,26123,10761,0,50.76,gemini_2.5_flash
2070,31813,65526,0,262.65,gemini_2.5_flash
2072,36059,16098,0,72.48,gemini_2.5_flash
2073,33154,65526,0,526.60,gemini_2.5_flash
2074,27338,9663,0,85.69,gemini_2.5_flash
2075,36147,65526,0,257.69,gemini_2.5_flash
2076,32478,10445,0,97.82,gemini_2.5_flash
2077,32328,12538,0,110.99,gemini_2.5_flash
2078,49438,17096,0,150.27,gemini_2.5_flash
2079,30885,13718,0,117.75,gemini_2.5_flash
2080,30047,10385,0,87.92,gemini_2.5_flash
2081,29737,31098,0,187.07,gemini_2.5_flash
2082,36623,65526,0,510.78,gemini_2.5_flash
2083,27243,65526,0,314.24,gemini_2.5_flash
2084,29273,10607,0,52.28,gemini_2.5_flash
2085,23496,9213,0,84.29,gemini_2.5_flash
2086,26590,15019,0,116.57,gemini_2.5_flash
2087,24550,10405,0,49.29,gemini_2.5_flash
2089,29994,11668,0,211.94,gemini_2.5_flash
2090,27372,12312,0,110.71,gemini_2.5_flash
2091,32044,12368,0,478.37,gemini_2.5_flash
2094,25420,9678,0,85.34,gemini_2.5_flash
2095,29767,13104,0,66.13,gemini_2.5_flash
2096,27792,65526,0,542.75,gemini_2.5_flash
2097,31515,65526,0,310.54,gemini_2.5_flash
2101,31203,13486,0,64.70,gemini_2.5_flash
2102,30680,12125,0,58.84,gemini_2.5_flash
2100,35211,10027,0,361.79,gemini_2.5_flash
2103,24166,8613,0,177.15,gemini_2.5_flash
2108,28191,10113,0,51.85,gemini_2.5_flash
2109,27080,8406,0,55.08,gemini_2.5_flash
2110,24224,10910,0,52.55,gemini_2.5_flash
2111,31901,13568,0,66.57,gemini_2.5_flash
2112,32494,9995,0,54.21,gemini_2.5_flash
2113,29949,12073,0,57.27,gemini_2.5_flash
2114,1329,1016,0,7.76,gemini_2.5_flash
2115,30675,13494,0,142.85,gemini_2.5_flash
2116,34710,12073,0,140.32,gemini_2.5_flash
2117,46105,20882,0,363.24,gemini_2.5_flash
2119,46653,19585,0,166.94,gemini_2.5_flash
2120,25684,13237,0,320.91,gemini_2.5_flash
2122,35485,65526,0,444.59,gemini_2.5_flash
2123,18224,6869,0,68.38,gemini_2.5_flash
2124,29698,65526,0,533.43,gemini_2.5_flash
2125,20969,65526,0,273.62,gemini_2.5_flash
2126,30908,13658,0,130.66,gemini_2.5_flash
2127,35552,9641,0,96.63,gemini_2.5_flash
2128,21930,10942,0,102.50,gemini_2.5_flash
2130,22143,10296,0,85.81,gemini_2.5_flash
2131,29760,12647,0,286.33,gemini_2.5_flash
2132,51451,65526,0,507.86,gemini_2.5_flash
2133,33839,20139,0,166.55,gemini_2.5_flash
2135,24585,10524,0,85.85,gemini_2.5_flash
2137,17460,9059,0,39.46,gemini_2.5_flash
2138,33744,65526,0,257.11,gemini_2.5_flash
2139,29011,12844,0,292.82,gemini_2.5_flash
2140,51272,65526,0,313.39,gemini_2.5_flash
2141,22660,11596,0,48.61,gemini_2.5_flash
2142,22622,11290,0,103.14,gemini_2.5_flash
2143,24716,14831,0,61.73,gemini_2.5_flash
2144,52412,37781,0,387.61,gemini_2.5_flash
2145,24663,11502,0,99.31,gemini_2.5_flash
2146,25067,5057,0,253.79,gemini_2.5_flash
2147,27808,65526,0,361.59,gemini_2.5_flash
2148,24985,65526,0,476.52,gemini_2.5_flash
2149,22729,7335,0,62.97,gemini_2.5_flash
2151,30433,20467,0,84.88,gemini_2.5_flash
2152,68493,8640,0,289.02,gemini_2.5_flash
2153,21591,65526,0,477.20,gemini_2.5_flash
2154,23642,11989,0,78.27,gemini_2.5_flash
2156,34124,65526,0,399.69,gemini_2.5_flash
2157,29673,14852,0,120.75,gemini_2.5_flash
2160,28134,65526,0,240.95,gemini_2.5_flash
2161,28359,12364,0,54.74,gemini_2.5_flash
2162,55490,15329,0,315.88,gemini_2.5_flash
2164,22718,65526,0,413.15,gemini_2.5_flash
2165,21556,10977,0,84.44,gemini_2.5_flash
2166,33916,65526,0,479.72,gemini_2.5_flash
2167,37094,19016,0,163.27,gemini_2.5_flash
2169,22269,65526,0,488.70,gemini_2.5_flash
2170,25836,10107,0,52.42,gemini_2.5_flash
2172,35445,17856,0,85.34,gemini_2.5_flash
2173,56850,65526,0,376.28,gemini_2.5_flash
2174,24169,65526,0,477.18,gemini_2.5_flash
2175,1544,65526,0,258.58,gemini_2.5_flash
2176,25585,10370,0,88.30,gemini_2.5_flash
2178,29922,15493,0,68.30,gemini_2.5_flash
2180,21525,16050,0,134.32,gemini_2.5_flash
2181,42713,14982,0,299.72,gemini_2.5_flash
2182,29925,15919,0,67.42,gemini_2.5_flash
2183,32547,11807,0,104.44,gemini_2.5_flash
2184,27373,11471,0,99.70,gemini_2.5_flash
2185,30855,13850,0,118.04,gemini_2.5_flash
2186,23983,10560,0,90.92,gemini_2.5_flash
2187,28346,12299,0,108.73,gemini_2.5_flash
2188,26362,11602,0,96.72,gemini_2.5_flash
2189,56832,50161,0,400.92,gemini_2.5_flash
2190,38692,1434,0,420.56,gemini_2.5_flash
2191,26220,9832,0,288.68,gemini_2.5_flash
2192,21827,10056,0,88.05,gemini_2.5_flash
2194,0,0,0,0,gemini_2.5_flash
2195,37441,21418,0,371.72,gemini_2.5_flash
2196,32725,18387,0,83.03,gemini_2.5_flash
2198,40180,13099,0,56.56,gemini_2.5_flash
2199,20717,12332,0,56.50,gemini_2.5_flash
2200,25550,11051,0,54.19,gemini_2.5_flash
2201,25267,8120,0,43.56,gemini_2.5_flash
2202,26974,52344,0,237.34,gemini_2.5_flash
2203,28022,12581,0,114.87,gemini_2.5_flash
2204,26768,65526,0,482.03,gemini_2.5_flash
2205,36685,12402,0,104.03,gemini_2.5_flash
2206,36198,21810,0,96.27,gemini_2.5_flash
2207,25040,9309,0,74.52,gemini_2.5_flash
2208,71421,65526,0,512.09,gemini_2.5_flash
2210,43855,65526,0,384.88,gemini_2.5_flash
2211,25717,11765,0,108.96,gemini_2.5_flash
2212,20947,65526,0,529.01,gemini_2.5_flash
2214,22709,65526,0,246.01,gemini_2.5_flash
2215,24491,65526,0,252.98,gemini_2.5_flash
2216,50523,13994,0,323.22,gemini_2.5_flash
2217,27537,10960,0,167.08,gemini_2.5_flash
2218,22903,65526,0,260.57,gemini_2.5_flash
2219,24813,12871,0,60.33,gemini_2.5_flash
2220,27643,10334,0,91.35,gemini_2.5_flash
2222,25365,16881,0,129.00,gemini_2.5_flash
2225,29561,13110,0,117.21,gemini_2.5_flash
2226,29554,16913,0,302.77,gemini_2.5_flash
2227,31850,23059,0,99.82,gemini_2.5_flash
2228,46752,65526,0,494.40,gemini_2.5_flash
2229,24066,10876,0,50.14,gemini_2.5_flash
2230,36226,15990,0,145.39,gemini_2.5_flash
2231,34149,17020,0,316.61,gemini_2.5_flash
2234,28798,7123,0,88.06,gemini_2.5_flash
2235,28779,13946,0,235.75,gemini_2.5_flash
2236,21859,10268,0,283.09,gemini_2.5_flash
2237,26433,11648,0,60.25,gemini_2.5_flash
2238,24896,11495,0,100.73,gemini_2.5_flash
2240,28851,13066,0,111.70,gemini_2.5_flash
2242,32668,18258,0,118.93,gemini_2.5_flash
2246,25301,8305,0,40.17,gemini_2.5_flash
2247,25580,10981,0,48.92,gemini_2.5_flash
2248,27318,65526,0,299.56,gemini_2.5_flash
2249,36686,18288,0,155.62,gemini_2.5_flash
2250,23786,11857,0,92.59,gemini_2.5_flash
2251,25378,10493,0,84.81,gemini_2.5_flash
2252,16222,5987,0,53.45,gemini_2.5_flash
2253,23594,11317,0,50.82,gemini_2.5_flash
2254,23592,9037,0,78.38,gemini_2.5_flash
2255,23705,11980,0,55.38,gemini_2.5_flash
2256,24757,7156,0,69.53,gemini_2.5_flash
2257,20886,9019,0,75.56,gemini_2.5_flash
2258,27134,14029,0,116.00,gemini_2.5_flash
2259,19309,9559,0,79.02,gemini_2.5_flash
2260,30906,14201,0,60.87,gemini_2.5_flash
2263,29467,16731,0,149.84,gemini_2.5_flash
2265,26729,13186,0,60.99,gemini_2.5_flash
2266,29609,9960,0,47.10,gemini_2.5_flash
2267,33053,12172,0,109.83,gemini_2.5_flash
2268,30327,14040,0,64.05,gemini_2.5_flash
2269,20086,5259,0,50.17,gemini_2.5_flash
2270,28686,12056,0,53.79,gemini_2.5_flash
2272,31243,17398,0,140.66,gemini_2.5_flash
2274,29343,13866,0,63.43,gemini_2.5_flash
2275,26204,65526,0,511.47,gemini_2.5_flash
2277,23778,10573,0,95.17,gemini_2.5_flash
2278,26318,17134,0,129.64,gemini_2.5_flash
2279,25922,9456,0,290.89,gemini_2.5_flash
2281,28448,65526,0,302.65,gemini_2.5_flash
2282,25579,65526,0,490.18,gemini_2.5_flash
2283,46405,65526,0,507.87,gemini_2.5_flash
2285,21380,9013,0,78.99,gemini_2.5_flash
2290,29659,28304,0,118.61,gemini_2.5_flash
2292,39057,19087,0,158.79,gemini_2.5_flash
2293,23824,11430,0,92.34,gemini_2.5_flash
2294,26725,65526,0,293.05,gemini_2.5_flash
2295,27022,15258,0,123.86,gemini_2.5_flash
2296,22673,8836,0,70.38,gemini_2.5_flash
2297,34440,65526,0,507.54,gemini_2.5_flash
2298,23936,10308,0,97.96,gemini_2.5_flash
2299,37590,12096,0,114.44,gemini_2.5_flash
2300,25212,12346,0,54.29,gemini_2.5_flash
2302,27261,13230,0,65.06,gemini_2.5_flash
2303,36455,18098,0,162.57,gemini_2.5_flash
2304,29016,13372,0,59.16,gemini_2.5_flash
2305,27378,65526,0,253.02,gemini_2.5_flash
2306,41954,15230,0,140.20,gemini_2.5_flash
2307,35050,40295,0,229.02,gemini_2.5_flash
2308,22404,8970,0,138.11,gemini_2.5_flash
2310,22621,10965,0,51.54,gemini_2.5_flash
2311,32468,13104,0,122.83,gemini_2.5_flash
2312,21935,9115,0,76.97,gemini_2.5_flash
2313,36271,65526,0,252.39,gemini_2.5_flash
2314,18813,7785,0,84.26,gemini_2.5_flash
2315,22283,7028,0,276.85,gemini_2.5_flash
2309,34389,17728,0,150.68,gemini_2.5_flash
2319,11635,3484,0,35.63,gemini_2.5_flash
2322,21953,65523,0,299.92,gemini_2.5_flash
2323,23855,65526,0,347.08,gemini_2.5_flash
2324,26599,8812,0,85.87,gemini_2.5_flash
2325,31011,9516,0,100.88,gemini_2.5_flash
2326,30077,9122,0,71.32,gemini_2.5_flash
2328,22329,11109,0,78.61,gemini_2.5_flash
2329,24231,65526,0,496.90,gemini_2.5_flash
2330,35735,65526,0,393.37,gemini_2.5_flash
2331,20658,7918,0,37.01,gemini_2.5_flash
2333,18038,14097,0,137.34,gemini_2.5_flash
2334,24941,14099,0,133.41,gemini_2.5_flash
2336,27913,34365,0,214.31,gemini_2.5_flash
2337,27254,11032,0,291.94,gemini_2.5_flash
2338,32615,9414,0,85.19,gemini_2.5_flash
2341,28865,14344,0,118.39,gemini_2.5_flash
2342,25542,9131,0,42.38,gemini_2.5_flash
2343,42679,65526,0,566.25,gemini_2.5_flash
2344,29059,65526,0,486.35,gemini_2.5_flash
2346,60861,65526,0,520.95,gemini_2.5_flash
2347,25914,11338,0,98.21,gemini_2.5_flash
2348,28924,9418,0,85.56,gemini_2.5_flash
2349,25631,12120,0,55.20,gemini_2.5_flash
2350,33474,15170,0,156.14,gemini_2.5_flash
2351,26513,65526,0,242.46,gemini_2.5_flash
2352,39456,15445,0,130.69,gemini_2.5_flash
2356,11742,4839,0,22.60,gemini_2.5_flash
2358,27891,9213,0,47.68,gemini_2.5_flash
2360,26474,12627,0,58.26,gemini_2.5_flash
2361,28580,13781,0,115.24,gemini_2.5_flash
2362,36923,22652,0,101.52,gemini_2.5_flash
2363,27731,15432,0,72.71,gemini_2.5_flash
2364,35000,65526,0,257.78,gemini_2.5_flash
2354,30668,20108,0,89.15,gemini_2.5_flash
2370,26384,10947,0,51.05,gemini_2.5_flash
2371,39998,19612,0,333.58,gemini_2.5_flash
2372,26746,9652,0,46.02,gemini_2.5_flash
2375,21100,7451,0,36.56,gemini_2.5_flash
2378,21735,65526,0,244.37,gemini_2.5_flash
2379,21820,10197,0,45.67,gemini_2.5_flash
2381,30710,11675,0,53.98,gemini_2.5_flash
2387,19125,65526,0,250.15,gemini_2.5_flash
2392,32296,65526,0,248.14,gemini_2.5_flash
2394,15647,65526,0,254.80,gemini_2.5_flash
2395,19475,7988,0,40.53,gemini_2.5_flash
2396,25383,8013,0,41.71,gemini_2.5_flash
2398,19721,7730,0,36.63,gemini_2.5_flash
2399,15754,8060,0,37.18,gemini_2.5_flash
2400,27359,12575,0,57.50,gemini_2.5_flash
2401,28111,12492,0,105.78,gemini_2.5_flash
2402,19604,7530,0,42.02,gemini_2.5_flash
2403,15790,7349,0,33.57,gemini_2.5_flash
2404,39134,17816,0,83.44,gemini_2.5_flash
2406,29491,11454,0,55.30,gemini_2.5_flash
